Designator,Mid X,Mid Y,Rotation,Layer
C1,107.9,-67.3,180.0,top
C10,107.3,-80.875,90.0,top
C101,99.66,-66.27,180.0,top
C102,107.425,-78.6,180.0,top
C11,98.45,-82.425,180.0,top
C13,109.675,-89.55,270.0,top
C14,103.55,-92.05,270.0,top
C15,98.125,-81.075,180.0,top
C16,108.825,-82.475,45.0,top
C17,109.275,-72.525,45.0,top
C18,98.11,-87.36,180.0,top
C19,104.2,-95.1,90.0,top
C2,101.0,-93.6,0.0,top
C3,106.275,-80.125,90.0,top
C4,107.075,-72.175,180.0,top
C5,102.45,-76.825,0.0,top
C6,104.6,-92.1,270.0,top
C7,103.7,-80.075,90.0,top
C8,104.725,-80.075,90.0,top
CBP1,105.1052,-68.8848,90.0,top
D1,110.0,-60.5,90.0,top
F1,109.9,-64.6,90.0,top
FB1,107.95,-66.3,180.0,top
FLASH1,100.325,-78.575,0.0,top
GP23_LED1,101.695,-71.9025,90.0,top
GPIO24_RESISTOR1,101.695,-69.977499,90.0,top
GPIO25_LED1,98.3,-67.31,0.0,top
GPIO25_RESISTOR1,109.75,-85.575,180.0,top
J1,103.65,-60.875,180.0,top
J2,100.475,-74.775,0.0,top
J3,93.945,-82.774138,180.0,bottom
J4,113.34,-82.824138,0.0,bottom
J5,103.65,-106.9,90.0,top
Q1,99.475,-70.9125,270.0,top
R1,100.575,-76.825,0.0,top
R10,107.3,-77.25,180.0,top
R101,101.475,-67.785,270.0,top
R102,97.75,-62.0,180.0,top
R103,100.4,-67.785,90.0,top
R11,103.44,-93.67,0.0,top
R2,98.725,-76.85,0.0,top
R3,104.725,-77.25,270.0,top
R4,105.75,-77.25,270.0,top
R5,105.1,-66.802,90.0,top
R6,97.3,-60.0,0.0,top
R7,109.625,-67.5,90.0,top
R9,107.5,-75.075,270.0,top
RSW1,107.13,-95.76,90.0,top
U1,107.442,-69.7484,90.0,top
U3,103.65,-86.025,0.0,top
Y1,101.5,-95.86,0.0,top
